{"db": {"lista": [{"text": "4 quesos", "precio": "7.90", "bgColor": "#d898e8"}, {"text": "Ajoqueso", "precio": "7.20", "bgColor": "#d898e8"}, {"text": "Atun", "precio": "7.20", "bgColor": "#d898e8"}, {"text": "Blanca", "precio": "7.50", "bgColor": "#d898e8"}, {"text": "Bolo\u00f1esa ", "precio": "8.90", "bgColor": "#d898e8"}, {"text": "Btres", "precio": "8.50", "bgColor": "#d898e8"}, {"text": "Campestre", "precio": "7.50", "bgColor": "#d898e8"}, {"text": "Carbonara", "precio": "7.90", "bgColor": "#d898e8"}, {"text": "Diabolos", "precio": "7.20", "bgColor": "#d898e8"}, {"text": "Mar y morena", "precio": "13.90", "bgColor": "#d898e8"}, {"text": "Moderna", "precio": "10.90", "bgColor": "#d898e8"}, {"text": "Negra", "precio": "12.90", "bgColor": "#d898e8"}, {"text": "Pesto", "precio": "8.50", "bgColor": "#d898e8"}, {"text": "Pill pill", "precio": "12.90", "bgColor": "#d898e8"}, {"text": "Puttanesca", "precio": "7.50", "bgColor": "#d898e8"}, {"text": "Ranchera", "precio": "7.90", "bgColor": "#d898e8"}, {"text": "Verdeja", "precio": "13.90", "bgColor": "#d898e8"}, {"text": "Verdulera", "precio": "7.20", "bgColor": "#d898e8"}]}}