{"db": {"lista": [{"tipo": "clase", "promocion": "0.50", "preguntas": ["Tama\u00f1o", "Menu"], "text": "Pizzas", "bgColor": "#2980b9", "productos": "Pizzas"}, {"preguntas": ["Menu burger", "Tipo"], "text": "Burger", "productos": "Burger", "tipo": "clase", "bgColor": "#16a085"}, {"preguntas": [], "text": "Entrantes", "productos": "Entrantes", "tipo": "clase", "bgColor": "#F39C12"}, {"preguntas": ["Menu combo"], "text": "Ensaladas", "productos": "Ensaladas", "tipo": "clase", "bgColor": "#1ABC9C"}, {"preguntas": [], "text": "Postres", "productos": "Postres", "tipo": "clase", "bgColor": "#2c3e50"}, {"preguntas": [], "text": "Bebidas", "productos": "Bebidas", "tipo": "clase", "bgColor": "#34495E"}, {"preguntas": ["Menu burger"], "text": "Hotdog", "productos": "Hotdog", "tipo": "clase", "bgColor": "#C0392B"}, {"preguntas": [], "text": "Menu infantil", "productos": "Menu infantil", "tipo": "clase", "bgColor": "#f1c40f"}, {"tipo": "clase", "promocion": "0.50", "preguntas": ["Menu", "Salsa"], "text": "Pastas", "bgColor": "#27ae60", "productos": "Pastas"}, {"preguntas": [], "text": "Buffet", "productos": "Buffet", "tipo": "clase", "bgColor": "#111111"}, {"tipo": "clase", "preguntas": [], "text": "Pizza cero", "precio": "0.00", "bgColor": "#BDC3C7", "productos": "Pizza cero"}, {"tipo": "clase", "preguntas": [], "text": "Burger Cero", "precio": "0.00", "bgColor": "#d898e8", "productos": "Burger Cero"}]}}