{"db": {"lista": [{"tipo": "bebidas", "preguntas": [], "text": "Agua", "precio": "1.00", "modificadores": [], "bgColor": "#4b3185ff"}, {"tipo": "bebidas", "preguntas": [], "text": "Cerveza", "precio": "1.50", "modificadores": [], "bgColor": "#4b3185ff"}, {"tipo": "bebidas", "preguntas": [], "text": "Refill", "precio": "1.00", "modificadores": [], "bgColor": "#00000000"}, {"tipo": "bebidas", "preguntas": [], "text": "Refresco", "precio": "1.50", "modificadores": [], "bgColor": "#4b3185ff"}, {"tipo": "bebidas", "preguntas": [], "text": "Zumo", "precio": "1.50", "modificadores": [], "bgColor": "#4b3185ff"}]}}