{"db": {"lista": [{"tipo": "burger cero", "preguntas": [], "text": "Cheese Burger", "precio": "3.90", "modificadores": [], "bgColor": "#34495E"}, {"tipo": "burger cero", "preguntas": [], "text": "Clasica", "precio": "3.50", "modificadores": [], "bgColor": "#34495E"}, {"tipo": "burger cero", "preguntas": [], "text": "Don paco", "precio": "3.90", "modificadores": [], "bgColor": "#34495E"}, {"tipo": "burger cero", "preguntas": [], "text": "Honolulu", "precio": "4.90", "modificadores": [], "bgColor": "#34495E"}, {"tipo": "burger cero", "preguntas": [], "text": "Mamba ", "precio": "3.90", "modificadores": [], "bgColor": "#34495E"}, {"tipo": "burger cero", "preguntas": [], "text": "Paquita", "precio": "5.00", "modificadores": [], "bgColor": "#34495E"}, {"tipo": "burger cero", "preguntas": [], "text": "Perfecta", "precio": "4.00", "modificadores": [], "bgColor": "#34495E"}, {"tipo": "burger cero", "preguntas": [], "text": "Tejana", "precio": "4.00", "modificadores": [], "bgColor": "#34495E"}]}}