{"db": {"lista": [{"tipo": "burger", "preguntas": [], "text": "Btres", "precio": "5.90", "modificadores": [], "bgColor": "#34495E"}, {"tipo": "burger", "preguntas": [], "text": "Btres deluxe", "precio": "5.90", "modificadores": [], "bgColor": "#34495E"}, {"tipo": "burger", "ingredientes": "Burger algusto", "preguntas": [], "text": "Burger algusto", "precio": "2.90", "modificadores": [], "bgColor": "#34495E"}, {"tipo": "burger", "preguntas": [], "text": "Cheese Burger", "precio": "3.90", "modificadores": [], "bgColor": "#34495E"}, {"tipo": "burger", "preguntas": [], "text": "Clasica", "precio": "3.50", "modificadores": [], "bgColor": "#34495E"}, {"tipo": "burger", "preguntas": [], "text": "Don paco", "precio": "3.90", "modificadores": [], "bgColor": "#34495E"}, {"tipo": "burger", "preguntas": [], "text": "Do\u00f1a Paquita", "precio": "5.90", "modificadores": [], "bgColor": "#34495E"}, {"tipo": "burger", "preguntas": [], "text": "Honolulu", "precio": "4.90", "modificadores": [], "bgColor": "#34495E"}, {"tipo": "burger", "preguntas": [], "text": "Mamba ", "precio": "3.90", "modificadores": [], "bgColor": "#34495E"}, {"tipo": "burger", "preguntas": [], "text": "Mamba doble", "precio": "5.90", "modificadores": [], "bgColor": "#34495E"}, {"tipo": "burger", "preguntas": [], "text": "New Yorker", "precio": "5.00", "modificadores": [], "bgColor": "#34495E"}, {"tipo": "burger", "preguntas": [], "text": "Paquita", "precio": "5.00", "modificadores": [], "bgColor": "#34495E"}, {"tipo": "burger", "preguntas": [], "text": "pepPer", "precio": "5.90", "modificadores": [], "bgColor": "#d898e8"}, {"tipo": "burger", "preguntas": [], "text": "Perfecta", "precio": "4.00", "modificadores": [], "bgColor": "#34495E"}, {"tipo": "burger", "preguntas": [], "text": "Tejana", "precio": "4.00", "modificadores": [], "bgColor": "#34495E"}]}}