{"db": {"lista": [{"tipo": "coffee", "preguntas": [], "text": "Batidos", "precio": "1.90", "modificadores": [], "bgColor": "#d898e8"}, {"tipo": "coffee", "preguntas": [], "text": "Blanco y negro", "precio": "2.50", "modificadores": [], "bgColor": "#d898e8"}, {"tipo": "coffee", "preguntas": [], "text": "Capuchino", "precio": "1.80", "modificadores": [], "bgColor": "#d898e8"}, {"tipo": "coffee", "preguntas": [], "text": "Especial", "precio": "1.60", "modificadores": [], "bgColor": "#d898e8"}, {"tipo": "coffee", "preguntas": [], "text": "Frappuccino", "precio": "2.00", "modificadores": [], "bgColor": "#d898e8"}, {"tipo": "coffee", "preguntas": [], "text": "Normal", "precio": "1.20", "modificadores": [], "bgColor": "#d898e8"}, {"tipo": "coffee", "preguntas": [], "text": "Te especial", "precio": "1.50", "modificadores": [], "bgColor": "#d898e8"}, {"tipo": "coffee", "preguntas": [], "text": "Te normal", "precio": "1.20", "modificadores": [], "bgColor": "#d898e8"}]}}