{"db": {"lista": [{"tipo": "crepes", "preguntas": [], "text": "4 Quesos", "precio": "3.50", "modificadores": [], "bgColor": "#d898e8"}, {"tipo": "crepes", "preguntas": [], "text": "At\u00fan y Queso", "precio": "3.50", "modificadores": [], "bgColor": "#d898e8"}, {"tipo": "crepes", "ingredientes": "Crepes Dulces dos toppings", "preguntas": [], "text": "Crepes Dulces dos toppings", "precio": "3.50", "modificadores": [], "bgColor": "#d898e8"}, {"tipo": "crepes", "preguntas": [], "text": "Jam\u00f3n y Queso", "precio": "3.50", "modificadores": [], "bgColor": "#d898e8"}, {"tipo": "crepes", "preguntas": [], "text": "Vegetariano", "precio": "3.50", "modificadores": [], "bgColor": "#d898e8"}]}}