{"db": {"lista": [{"tipo": "dulces", "ingredientes": "Cereales base", "preguntas": [], "text": "Cereales base", "precio": "2.50", "modificadores": [], "bgColor": "#d898e8"}, {"tipo": "dulces", "preguntas": [], "text": "Magdalena", "precio": "1.50", "modificadores": [], "bgColor": "#d898e8"}, {"tipo": "dulces", "preguntas": [], "text": "Magdalena Frutas", "precio": "1.80", "modificadores": [], "bgColor": "#d898e8"}, {"tipo": "dulces", "preguntas": [], "text": "Magdalena Nutella", "precio": "1.50", "modificadores": [], "bgColor": "#d898e8"}]}}