{"db": {"lista": [{"tipo": "ensaladas", "preguntas": [], "text": "Bacon", "precio": "4.95", "modificadores": [], "bgColor": "#ff4c8fff"}, {"tipo": "ensaladas", "preguntas": [], "text": "Cesar", "precio": "5.95", "modificadores": [], "bgColor": "#ff4c8fff"}, {"tipo": "ensaladas", "preguntas": [], "text": "dCabra", "precio": "5.95", "modificadores": [], "bgColor": "#ff4c8fff"}, {"tipo": "ensaladas", "preguntas": [], "text": "Mix pollo", "precio": "6.40", "modificadores": [], "bgColor": "#4b3185ff"}, {"tipo": "ensaladas", "preguntas": [], "text": "Mix verde", "precio": "4.90", "modificadores": [], "bgColor": "#4b3185ff"}, {"tipo": "ensaladas", "preguntas": [], "text": "Mixta", "precio": "4.95", "modificadores": [], "bgColor": "#ff4c8fff"}, {"tipo": "ensaladas", "preguntas": [], "text": "Pollo", "precio": "4.95", "modificadores": [], "bgColor": "#ff4c8fff"}]}}