{"db": {"lista": [{"tipo": "entrantes", "preguntas": [], "text": "Alitas de pollo", "precio": "1.95", "modificadores": [], "bgColor": "#7f95cfff"}, {"tipo": "entrantes", "preguntas": [], "text": "Aros cebolla", "precio": "1.95", "modificadores": [], "bgColor": "#7f95cfff"}, {"tipo": "entrantes", "preguntas": [], "text": "Combo", "precio": "5.00", "modificadores": [], "bgColor": "#7f95cfff"}, {"tipo": "entrantes", "preguntas": [], "text": "Doblez ajo", "precio": "3.90", "modificadores": [], "bgColor": "#d898e8"}, {"tipo": "entrantes", "preguntas": [], "text": "Doblez bbq", "precio": "4.90", "modificadores": [], "bgColor": "#d898e8"}, {"tipo": "entrantes", "preguntas": [], "text": "Doblez carbonara ", "precio": "4.90", "modificadores": [], "bgColor": "#d898e8"}, {"tipo": "entrantes", "preguntas": [], "text": "Doblez tomate ", "precio": "3.90", "modificadores": [], "bgColor": "#d898e8"}, {"tipo": "entrantes", "preguntas": [], "text": "Finger pollo", "precio": "2.95", "modificadores": [], "bgColor": "#7f95cfff"}, {"tipo": "entrantes", "preguntas": [], "text": "Finger queso", "precio": "1.95", "modificadores": [], "bgColor": "#7f95cfff"}, {"tipo": "entrantes", "preguntas": [], "text": "Racion patatas", "precio": "1.00", "modificadores": [], "bgColor": "#7f95cfff"}, {"tipo": "entrantes", "preguntas": [], "text": "Stickpan", "precio": "3.00", "modificadores": [], "bgColor": "#7f95cfff"}]}}