{"db": {"lista": [{"tipo": "hotdog", "preguntas": [], "text": "Bull dog", "precio": "4.50", "modificadores": [], "bgColor": "#d898e8"}, {"tipo": "hotdog", "preguntas": [], "text": "Carol", "precio": "4.00", "modificadores": [], "bgColor": "#d898e8"}, {"tipo": "hotdog", "preguntas": [], "text": "Hot dog tres", "precio": "4.50", "modificadores": [], "bgColor": "#d898e8"}, {"tipo": "hotdog", "preguntas": [], "text": "Pug", "precio": "2.50", "modificadores": [], "bgColor": "#d898e8"}, {"tipo": "hotdog", "preguntas": [], "text": "Terry ", "precio": "3.50", "modificadores": [], "bgColor": "#d898e8"}]}}