{"db": {"lista": [{"tipo": "nonclassicpizza", "preguntas": [], "text": "Bubba", "precio": 13.9, "modificadores": [], "bgColor": "#34495e"}, {"tipo": "nonclassicpizza", "preguntas": [], "text": "Cabola", "precio": 10.9, "modificadores": [], "bgColor": "#34495e"}, {"tipo": "nonclassicpizza", "preguntas": [], "text": "Donna", "precio": 12.9, "modificadores": [], "bgColor": "#34495e"}, {"tipo": "nonclassicpizza", "preguntas": [], "text": "Fruta de mar", "precio": 14.9, "modificadores": [], "bgColor": "#34495e"}, {"tipo": "nonclassicpizza", "preguntas": [], "text": "Gorgonzola y pera", "precio": 11.9, "modificadores": [], "bgColor": "#34495e"}, {"tipo": "nonclassicpizza", "preguntas": [], "text": "LaMamma", "precio": 8.9, "modificadores": [], "bgColor": "#34495e"}, {"tipo": "nonclassicpizza", "preguntas": [], "text": "Mar y Mar", "precio": 13.9, "modificadores": [], "bgColor": "#34495e"}, {"tipo": "nonclassicpizza", "preguntas": [], "text": "Negro y blanco", "precio": 12.9, "modificadores": [], "bgColor": "#34495e"}, {"tipo": "nonclassicpizza", "preguntas": [], "text": "Pesto", "precio": 8.9, "modificadores": [], "bgColor": "#34495e"}, {"tipo": "nonclassicpizza", "preguntas": [], "text": "Pizza Btres", "precio": 10.9, "modificadores": [], "bgColor": "#d898e8"}, {"tipo": "nonclassicpizza", "preguntas": [], "text": "Pizzera", "precio": 9.9, "modificadores": [], "bgColor": "#34495e"}, {"tipo": "nonclassicpizza", "preguntas": [], "text": "Rosa", "precio": 9.9, "modificadores": [], "bgColor": "#34495e"}, {"tipo": "nonclassicpizza", "preguntas": [], "text": "Vegie", "precio": 9.9, "modificadores": [], "bgColor": "#34495e"}, {"tipo": "nonclassicpizza", "preguntas": [], "text": "lagrange", "precio": 10.9, "modificadores": [], "bgColor": "#34495e"}]}}