{"db": {"lista": [{"tipo": "pasta cero", "preguntas": [], "text": "Espaguetis", "precio": 0, "modificadores": [], "bgColor": "#4b3185ff"}, {"tipo": "pasta cero", "preguntas": [], "text": "Noodles\nCalabacin", "precio": 0, "modificadores": [], "bgColor": "#4b3185ff"}, {"tipo": "pasta cero", "preguntas": [], "text": "Tagliatelle", "precio": 0, "modificadores": [], "bgColor": "#4b3185ff"}, {"tipo": "pasta cero", "preguntas": [], "text": "Tortiglioni", "precio": 0, "modificadores": [], "bgColor": "#4b3185ff"}]}}