{"db": {"lista": [{"tipo": "pastas", "promocion": "0.50", "preguntas": [], "text": "Espaguetis", "precio": "0.00", "modificadores": [], "bgColor": "#4b3185ff"}, {"tipo": "pastas", "promocion": "0.50", "preguntas": [], "text": "Noodles\nCalabacin", "precio": "0.00", "modificadores": [], "bgColor": "#4b3185ff"}, {"tipo": "pastas", "promocion": "0.50", "preguntas": [], "text": "Tagliatelle", "precio": "0.00", "modificadores": [], "bgColor": "#4b3185ff"}, {"tipo": "pastas", "promocion": "0.50", "preguntas": [], "text": "Tortiglioni", "precio": "0.00", "modificadores": [], "bgColor": "#4b3185ff"}]}}