{"db": {"lista": [{"tipo": "pinknik hotdog", "preguntas": [], "text": "Bulldog", "precio": 4.5, "modificadores": [], "bgColor": "#4b3185ff"}, {"tipo": "pinknik hotdog", "preguntas": [], "text": "Bulldog", "precio": 4.5, "modificadores": [], "bgColor": "#4b3185ff"}, {"tipo": "pinknik hotdog", "preguntas": [], "text": "Pug", "precio": 2.5, "modificadores": [], "bgColor": "#4b3185ff"}, {"tipo": "pinknik hotdog", "preguntas": [], "text": "Pug", "precio": 2.5, "modificadores": [], "bgColor": "#4b3185ff"}]}}