{"db": {"lista": [{"tipo": "pizza cero", "ingredientes": "4 Quesos", "preguntas": [], "text": "4 Quesos", "precio": "7.90", "modificadores": [], "bgColor": "#f39c12"}, {"tipo": "pizza cero", "ingredientes": "Atunera", "preguntas": [], "text": "Atunera", "precio": "6.90", "modificadores": [], "bgColor": "#c0392b"}, {"tipo": "pizza cero", "ingredientes": "Barbacoa", "preguntas": [], "text": "Barbacoa", "precio": "7.90", "modificadores": [], "bgColor": "#e67e22"}, {"tipo": "pizza cero", "ingredientes": "Caprichosa", "preguntas": [], "text": "Caprichosa", "precio": "7.90", "modificadores": [], "bgColor": "#e74c3c"}, {"tipo": "pizza cero", "ingredientes": "Carbonara", "preguntas": [], "text": "Carbonara", "precio": "7.90", "modificadores": [], "bgColor": "#e74c3c"}, {"tipo": "pizza cero", "ingredientes": "Caribe", "preguntas": [], "text": "Caribe", "precio": "7.20", "modificadores": [], "bgColor": "#e74c3c"}, {"tipo": "pizza cero", "ingredientes": "Diablo", "preguntas": [], "text": "Diablo", "precio": "7.50", "modificadores": [], "bgColor": "#e67e22"}, {"tipo": "pizza cero", "ingredientes": "Jamon", "preguntas": [], "text": "Jamon", "precio": "6.90", "modificadores": [], "bgColor": "#e67e22"}, {"tipo": "pizza cero", "ingredientes": "Jamon y champi", "preguntas": [], "text": "Jamon y champi", "precio": "7.20", "modificadores": [], "bgColor": "#e74c3c"}, {"tipo": "pizza cero", "ingredientes": "Margarita", "preguntas": [], "text": "Margarita", "precio": "6.50", "modificadores": [], "bgColor": "#f39c12"}, {"tipo": "pizza cero", "ingredientes": "Ranchera", "preguntas": [], "text": "Ranchera", "precio": "7.90", "modificadores": [], "bgColor": "#e74c3c"}, {"tipo": "pizza cero", "ingredientes": "Roquefort", "preguntas": [], "text": "Roquefort", "precio": "7.50", "modificadores": [], "bgColor": "#F39C12"}, {"tipo": "pizza cero", "ingredientes": "Vegetariana", "preguntas": [], "text": "Vegetariana", "precio": "7.90", "modificadores": [], "bgColor": "#f39c12"}]}}