{"db": {"lista": [{"tipo": "pizzas", "promocion": "0.50", "preguntas": [], "text": "4 Quesos", "precio": "7.90", "modificadores": [], "bgColor": "#f39c12", "ingredientes": "4 Quesos"}, {"tipo": "pizzas", "promocion": "0.50", "preguntas": [], "text": "Al gusto", "precio": "6.50", "modificadores": [], "bgColor": "#32ff65b5", "ingredientes": "Al gusto"}, {"tipo": "pizzas", "promocion": "0.50", "preguntas": [], "text": "All star", "precio": "8.50", "modificadores": [], "bgColor": "#e67e22", "ingredientes": "All star"}, {"tipo": "pizzas", "promocion": "0.50", "preguntas": [], "text": "Arraez", "precio": "7.90", "modificadores": [], "bgColor": "#e74c3c", "ingredientes": "Arraez"}, {"tipo": "pizzas", "promocion": "0.50", "preguntas": [], "text": "Atunera", "precio": "6.90", "modificadores": [], "bgColor": "#c0392b", "ingredientes": "Atunera"}, {"tipo": "pizzas", "promocion": "0.50", "preguntas": [], "text": "Barbacoa", "precio": "7.90", "modificadores": [], "bgColor": "#e67e22", "ingredientes": "Barbacoa"}, {"tipo": "pizzas", "promocion": "0.50", "preguntas": [], "text": "Btres", "precio": "9.90", "modificadores": [], "bgColor": "#f39c12", "ingredientes": "Btres"}, {"tipo": "pizzas", "promocion": "0.50", "preguntas": [], "text": "Bubba", "precio": "13.90", "modificadores": [], "bgColor": "#34495e", "ingredientes": "Bubba"}, {"tipo": "pizzas", "promocion": "0.50", "preguntas": [], "text": "Cabola", "precio": "10.90", "modificadores": [], "bgColor": "#34495e", "ingredientes": "Cabola"}, {"tipo": "pizzas", "promocion": "0.50", "preguntas": [], "text": "Caprichosa", "precio": "7.90", "modificadores": [], "bgColor": "#e74c3c", "ingredientes": "Caprichosa"}, {"tipo": "pizzas", "promocion": "0.50", "preguntas": [], "text": "Carbonara", "precio": "7.90", "modificadores": [], "bgColor": "#e74c3c", "ingredientes": "Carbonara"}, {"tipo": "pizzas", "promocion": "0.50", "preguntas": [], "text": "Caribe", "precio": "7.20", "modificadores": [], "bgColor": "#e74c3c", "ingredientes": "Caribe"}, {"tipo": "pizzas", "promocion": "0.50", "preguntas": [], "text": "Diablo", "precio": "7.50", "modificadores": [], "bgColor": "#e67e22", "ingredientes": "Diablo"}, {"tipo": "pizzas", "promocion": "0.50", "preguntas": [], "text": "Donna", "precio": "12.90", "modificadores": [], "bgColor": "#34495e", "ingredientes": "Donna"}, {"tipo": "pizzas", "promocion": "0.50", "preguntas": [], "text": "Figgy ", "precio": "12.90", "modificadores": [], "bgColor": "#34495e", "ingredientes": "Figgy "}, {"tipo": "pizzas", "promocion": "0.50", "preguntas": [], "text": "Gorgonzola y pera", "precio": "11.90", "modificadores": [], "bgColor": "#34495e", "ingredientes": "Gorgonzola y pera"}, {"tipo": "pizzas", "promocion": "0.50", "preguntas": [], "text": "Inferno", "precio": "8.90", "modificadores": [], "bgColor": "#e67e22", "ingredientes": "Inferno"}, {"tipo": "pizzas", "promocion": "0.50", "preguntas": [], "text": "Jamon", "precio": "6.90", "modificadores": [], "bgColor": "#e67e22", "ingredientes": "Jamon"}, {"tipo": "pizzas", "promocion": "0.50", "preguntas": [], "text": "Jamon y champi", "precio": "7.20", "modificadores": [], "bgColor": "#e74c3c", "ingredientes": "Jamon y champi"}, {"tipo": "pizzas", "promocion": "0.50", "preguntas": [], "text": "lagrange", "precio": "10.90", "modificadores": [], "bgColor": "#34495e", "ingredientes": "lagrange"}, {"tipo": "pizzas", "promocion": "0.50", "preguntas": [], "text": "LaMamma", "precio": "8.90", "modificadores": [], "bgColor": "#34495e", "ingredientes": "LaMamma"}, {"tipo": "pizzas", "promocion": "0.50", "preguntas": [], "text": "Mar y Mar", "precio": "13.90", "modificadores": [], "bgColor": "#34495e", "ingredientes": "Mar y Mar"}, {"tipo": "pizzas", "promocion": "0.50", "preguntas": [], "text": "Margarita", "precio": "6.50", "modificadores": [], "bgColor": "#f39c12", "ingredientes": "Margarita"}, {"tipo": "pizzas", "promocion": "0.50", "preguntas": [], "text": "Negro y blanco", "precio": "12.90", "modificadores": [], "bgColor": "#34495e", "ingredientes": "Negro y blanco"}, {"tipo": "pizzas", "promocion": "0.50", "preguntas": [], "text": "Pizzera", "precio": "9.90", "modificadores": [], "bgColor": "#34495e", "ingredientes": "Pizzera"}, {"tipo": "pizzas", "promocion": "0.50", "preguntas": [], "text": "Ranchera", "precio": "7.90", "modificadores": [], "bgColor": "#e74c3c", "ingredientes": "Ranchera"}, {"tipo": "pizzas", "promocion": "0.50", "preguntas": [], "text": "Requete", "precio": "8.50", "modificadores": [], "bgColor": "#C0392B", "ingredientes": "Requete"}, {"tipo": "pizzas", "promocion": "0.50", "preguntas": [], "text": "Roquefort", "precio": "7.50", "modificadores": [], "bgColor": "#F39C12", "ingredientes": "Roquefort"}, {"tipo": "pizzas", "promocion": "0.50", "preguntas": [], "text": "Rosa", "precio": "9.90", "modificadores": [], "bgColor": "#d898e8", "ingredientes": "Rosa"}, {"tipo": "pizzas", "promocion": "0.50", "preguntas": [], "text": "Vegetariana", "precio": "7.90", "modificadores": [], "bgColor": "#f39c12", "ingredientes": "Vegetariana"}, {"tipo": "pizzas", "promocion": "0.50", "preguntas": [], "text": "Vegie", "precio": "9.90", "modificadores": [], "bgColor": "#34495e", "ingredientes": "Vegie"}]}}