{"db": {"lista": [{"tipo": "postres", "preguntas": [], "text": "Brownie", "precio": "2.50", "modificadores": [], "bgColor": "#8c6619ff"}, {"tipo": "postres", "preguntas": [], "text": "Carrotcake", "precio": "2.50", "modificadores": [], "bgColor": "#8c6619ff"}, {"tipo": "postres", "preguntas": [], "text": "Cheesecake", "precio": "2.50", "modificadores": [], "bgColor": "#d898e8"}, {"tipo": "postres", "ingredientes": "Helado", "preguntas": [], "text": "Helado", "precio": "1.50", "modificadores": [], "bgColor": "#8c6619ff"}, {"tipo": "postres", "preguntas": [], "text": "Postre del mes", "precio": "2.50", "modificadores": [], "bgColor": "#d898e8"}]}}