{"db": {"lista": [{"tipo": "toppings", "preguntas": [], "text": "Caramelo", "precio": "0.40", "modificadores": [], "bgColor": "#d898e8"}, {"tipo": "toppings", "preguntas": [], "text": "Chocolate", "precio": "0.40", "modificadores": [], "bgColor": "#d898e8"}, {"tipo": "toppings", "preguntas": [], "text": "Conguitos", "precio": "0.40", "modificadores": [], "bgColor": "#d898e8"}, {"tipo": "toppings", "preguntas": [], "text": "Cookies", "precio": "0.40", "modificadores": [], "bgColor": "#d898e8"}, {"tipo": "toppings", "preguntas": [], "text": "Dulce de leche", "precio": "0.40", "modificadores": [], "bgColor": "#d898e8"}, {"tipo": "toppings", "preguntas": [], "text": "Fruta", "precio": "0.40", "modificadores": [], "bgColor": "#d898e8"}, {"tipo": "toppings", "preguntas": [], "text": "Huesitos", "precio": "0.40", "modificadores": [], "bgColor": "#d898e8"}, {"tipo": "toppings", "preguntas": [], "text": "Lacasitos", "precio": "0.40", "modificadores": [], "bgColor": "#d898e8"}, {"tipo": "toppings", "preguntas": [], "text": "M&ms", "precio": "0.40", "modificadores": [], "bgColor": "#d898e8"}, {"tipo": "toppings", "preguntas": [], "text": "Mars", "precio": "0.40", "modificadores": [], "bgColor": "#d898e8"}, {"tipo": "toppings", "preguntas": [], "text": "Nocilla", "precio": "0.40", "modificadores": [], "bgColor": "#d898e8"}, {"tipo": "toppings", "preguntas": [], "text": "Oreo", "precio": "0.40", "modificadores": [], "bgColor": "#d898e8"}, {"tipo": "toppings", "preguntas": [], "text": "Pipas", "precio": "0.40", "modificadores": [], "bgColor": "#d898e8"}, {"tipo": "toppings", "preguntas": [], "text": "Sirope fresa", "precio": "0.40", "modificadores": [], "bgColor": "#d898e8"}, {"tipo": "toppings", "preguntas": [], "text": "Snickers", "precio": "0.40", "modificadores": [], "bgColor": "#d898e8"}, {"tipo": "toppings", "preguntas": [], "text": "Twix", "precio": "0.40", "modificadores": [], "bgColor": "#d898e8"}]}}