{"titulo": {"text": "Para llevar"}, "db": {"lista":
[{"modificadores": [], "preguntas": [], "tipo": "llevar", "bgColor": "#0061ff", "text": "Para llevar", "productos": "", "precio": "", "impresora": ""},
{"modificadores": [], "preguntas": [], "tipo": "llevar", "bgColor": "#0061ff", "text": "Para tomar", "productos": "", "precio": "", "impresora": ""},
{"modificadores": [], "preguntas": [], "tipo": "llevar", "bgColor": "#0061ff", "text": "Para recoger", "productos": "", "precio": "", "impresora": ""}]}}
