{"titulo": {"text":"Numero avisador"},  "db": {"lista": [
  {
    "text": "1",
    "bgColor": "#0061ff",
    "tipo": "num"
  },
  {
    "text": "2",
    "bgColor": "#0061ff",
    "tipo": "num"
  },
  {
    "text": "3",
    "bgColor": "#0061ff",
    "tipo": "num"
  },
  {
    "text": "4",
  "bgColor": "#0061ff",
    "tipo": "num"
  },
  {
    "text": "5",
    "bgColor": "#0061ff",
    "tipo": "num"
  },
  {
    "text": "6",
    "bgColor": "#0061ff",
    "tipo": "num"
  },
  {
    "text": "7",
    "bgColor": "#0061ff",
    "tipo": "num"
  },
  {
    "text": "8",
  "bgColor": "#0061ff",
    "tipo": "num"
  },
  {
    "text": "9",
    "bgColor": "#0061ff",
    "tipo": "num"
  },
  {
    "text": "10",
    "bgColor": "#0061ff",
    "tipo": "num"
  },
  {
    "text": "11",
    "bgColor": "#0061ff",
    "tipo": "num"
  },
  {
    "text": "12",
    "bgColor": "#0061ff",
    "tipo": "num"
  },
  {
    "text": "13",
    "bgColor": "#0061ff",
    "tipo": "num"
  },
  {
    "text": "14",
    "bgColor": "#0061ff",
    "tipo": "num"
  },
  {
    "text": "15",
    "bgColor": "#0061ff",
    "tipo": "num"
  },
  {
    "text": "16",
    "bgColor": "#0061ff",
    "tipo": "num"
  }
]}}
