{"selectable": {"estado": true}, "db": {"lista": [{"text": "Aceitunas", "precio": "0.50", "bgColor": "#11111113"}, {"text": "Alcachofa", "precio": "0.50", "bgColor": "#11111113"}, {"text": "Alcaparras", "precio": "0.50", "bgColor": "#11111113"}, {"text": "Anchoas", "precio": "0.50", "bgColor": "#33333338"}, {"text": "Atun", "precio": "0.50", "bgColor": "#33333338"}, {"text": "Bacon", "precio": "0.50", "bgColor": "#99999991"}, {"text": "Barbacoa", "precio": "0.50", "bgColor": "#99999991"}, {"text": "Base nata", "precio": "0.50", "bgColor": "#ff8f4cff"}, {"text": "Base tomate", "precio": "0.50", "bgColor": "#ff8f4cff"}, {"text": "Calabacin", "precio": "0.50", "bgColor": "#11111113"}, {"text": "Cebolla", "precio": "0.50", "bgColor": "#11111113"}, {"text": "Champin", "precio": "0.50", "bgColor": "#11111113"}, {"text": "Cheddar", "precio": "0.50", "bgColor": "#33333331"}, {"text": "Extra queso", "precio": "0.50", "bgColor": "#33333331"}, {"text": "Huevo", "precio": "0.50", "bgColor": "#99999991"}, {"text": "Jamon york", "precio": "0.50", "bgColor": "#99999991"}, {"text": "Maiz", "precio": "0.50", "bgColor": "#11111113"}, {"text": "Mozzarella", "precio": "0.50", "bgColor": "#33333331"}, {"text": "Parmesano", "precio": "0.50", "bgColor": "#33333331"}, {"text": "Peperoni", "precio": "0.50", "bgColor": "#99999991"}, {"text": "Pimiento rojo", "precio": "0.50", "bgColor": "#11111113"}, {"text": "Pimiento verde", "precio": "0.50", "bgColor": "#11111113"}, {"text": "Pi\u00f1a", "precio": "0.50", "bgColor": "#11111113"}, {"text": "Pollo", "precio": "0.50", "bgColor": "#99999991"}, {"text": "Queso de cabra", "precio": "0.50", "bgColor": "#33333331"}, {"text": "Roquefort", "precio": "0.50", "bgColor": "#33333331"}, {"text": "Tomate rodajas", "precio": "0.50", "bgColor": "#11111113"}]}}