{"selectable": {"estado": true}, "db": {"lista": [{"text": "Aros de cebolla", "precio": "0.40", "bgColor": "#d898e8"}, {"text": "Bacon", "precio": "0.40", "bgColor": "#ff8f4cff"}, {"text": "Bbq", "precio": "0.40", "bgColor": "#d898e8"}, {"text": "Cebolla", "precio": "0.40", "bgColor": "#ff8f4cff"}, {"text": "Cebolla caramelizada ", "precio": "0.40", "bgColor": "#d898e8"}, {"text": "Doble carne", "precio": "1.00", "bgColor": "#ff8f4cff"}, {"text": "Huevo", "precio": "0.40", "bgColor": "#d898e8"}, {"text": "Lechuga", "precio": "0.40", "bgColor": "#ff8f4cff"}, {"text": "Pan brioche", "precio": "0.40", "bgColor": "#ff8f4cff"}, {"text": "Pepinillo", "precio": "0.40", "bgColor": "#ff8f4cff"}, {"text": "Pi\u00f1a", "precio": "0.40", "bgColor": "#d898e8"}, {"text": "Pollo", "precio": "1.00", "bgColor": "#d898e8"}, {"text": "Queso cheddar", "precio": "0.40", "bgColor": "#ff8f4cff"}, {"text": "Queso de cabra", "precio": "0.40", "bgColor": "#d898e8"}, {"text": "Salsa picante", "precio": "0.40", "bgColor": "#d898e8"}, {"text": "Tomate", "precio": "0.40", "bgColor": "#ff8f4cff"}]}}