{"selectable": {"estado": true}, "db": {"lista": [{"text": "Cookies", "precio": "0.30", "bgColor": "#d898e8"}, {"text": "Lacasitos", "precio": "0.30", "bgColor": "#d898e8"}, {"text": "M&m's", "precio": "0.30", "bgColor": "#d898e8"}, {"text": "Nesk", "precio": "0.30", "bgColor": "#d898e8"}, {"text": "Nocilla", "precio": "0.30", "bgColor": "#d898e8"}, {"text": "Oreo", "precio": "0.30", "bgColor": "#d898e8"}, {"text": "Sirope de caramelo", "precio": "0.30", "bgColor": "#d898e8"}, {"text": "Sirope de chocolate", "precio": "0.30", "bgColor": "#d898e8"}, {"text": "Sirope de fresa", "precio": "0.30", "bgColor": "#d898e8"}]}}